{
  "model": "Multinomial Naive Bayes (from scratch)",
  "best_alpha": 0.1,
  "alphas_tested": [
    0.1,
    0.5,
    1.0
  ],
  "tfidf": {
    "ngram_range": [
      1,
      2
    ],
    "min_df": 2,
    "max_df": 0.95
  },
  "label_names": [
    "ham",
    "spam"
  ],
  "label_to_id": {
    "ham": 0,
    "spam": 1
  },
  "seed": 42,
  "sizes": {
    "train": 4135,
    "val": 517,
    "test": 517
  },
  "metrics_test": {
    "accuracy": 0.988394584139265,
    "precision": 0.9836065573770492,
    "recall": 0.9230769230769231,
    "f1": 0.9523809523809523,
    "roc_auc": 0.992716133424098,
    "ap": 0.979777341692037
  },
  "top_spam_terms": [
    "call phone",
    "claim",
    "prize",
    "150p",
    "your mobile",
    "have won",
    "18",
    "tone",
    "phone now",
    "guaranteed",
    "to claim",
    "1000",
    "ringtone",
    "500",
    "16",
    "cs",
    "stop to",
    "awarded",
    "phone from",
    "tones"
  ],
  "top_spam_scores": [
    6.585902989093871,
    5.944089897540638,
    5.906645056870585,
    5.5818767042910125,
    5.436551979317449,
    5.423066292175937,
    5.3641547931478835,
    5.348859528071391,
    5.331095194808381,
    5.300125524142007,
    5.29763637792664,
    5.257280295683337,
    5.199063157389432,
    5.195289182213515,
    5.1935774258055005,
    5.145585281426369,
    5.0595905213513666,
    5.047015422424536,
    5.020415144043384,
    4.995826926892403
  ]
}